Area Verde,Capacidad de infiltración del suelo
1,0.6226328154336471
2,0.9163742312038519
3,0.4822307047980946
4,0.1449090391862501
5,0.45734355531919735
6,0.6460036421253537
7,0.6474102561987938
8,0.3614966231281308
9,0.1114912461055313
10,0.7870761342721986
11,0.8036360373368195
12,0.6769027841596605
13,0.0671536375697489
14,0.3842566115641095
15,0.16746682057813578
16,0.9491170973150413
17,0.95576037794974
18,0.5400304083563641
19,0.9581122888133294
20,0.7953735324691452
