Area Verde,Capacidad de infiltración del suelo
1,0.8323494900635602
2,0.7871712057772053
3,0.07783132355966826
4,0.7666555155326705
5,0.2455815432390649
6,0.422568375628114
7,0.7248236966812842
8,0.14178007477913068
9,0.35440679660088514
10,0.06254189812120525
11,0.2054075785914995
12,0.13979176286955242
13,0.41709379849779316
14,0.6607642940674786
15,0.21902740715092672
16,0.046444167107597356
17,0.10634214249625162
18,0.3466103186399552
19,0.6792256108733037
20,0.984425114027414
